Key,Value
I00002,thread_3B04dbotgVuETQ3nEleNtGs1
I00002,thread_OOZ91vIYk7RwEQ1SwoUAQiEy
I00002,thread_r5euwmV2zNOahpAcAvqz5S1Z
I00002,thread_gbYGRh6ffUwG0fTi6Mp3Qlu2
I00002,thread_xxZHq5jB4wUUvIPPS4kas4yd
I00002,thread_XvhfW4op1lSoARvoNHUo2FuW
I00002,thread_oQTw1U5oXJYVR5E7BmbhyhiA
I00002,thread_65DoieIMciFJj2DB5oklCA4T
I10002,thread_Nc8W0hG7RuKOdYcxUt8vUROo
I10002,thread_sJJIs46V5UABfJPj6ZpEC1mY
I10002,thread_RyULtyLkWeyuZj2K9Xx0ABp2
I10002,thread_GdUJ67nvqba9GsQxWXsXEEgL
I10002,thread_jYGxYSnEFQ4GXAIZ73Xy701M
I10002,thread_4dC2ltssAFVdEMDvzCQdu9d9
I10002,thread_0dMt17yaHj5Tp9znIgjGOgSt
I10002,thread_3G6wMH9kNHMWjGzlVkhPgONh
I10002,thread_yRYt92gSnRVW5R6UTOmlBmaP
I20002,thread_5dk9K33FWlj953P4i8h3JnV3
I20002,thread_LUfE8qFlDs3nD4p2mLXf3e6k
I20002,thread_rKuRuwEkoYRxvnkWGjV6h2a5
I20002,thread_qaXucCFzTp1UspcMcwXI3S6f
I20002,thread_CDniYhCyQpXBykZwi6IZPnWZ
I20002,thread_8jG8h7bCl83mMURQsAtcpcho
I20002,thread_PlQ9M02OjmBvmHRftLDuhGBW
I20002,thread_WkKHG6iTmemdssFQBYhvMuZR
I20002,thread_BYuggTwE43h4aaYxjzxae5xS
I20002,thread_wSrVBX2c1PEUL1DzKFYo5Ar9
I30002,thread_HFptOexUQEZzovORwrT8CeeQ
I30002,thread_Xq4rAGjKhU0SO6zoyAAKnGTo
I30002,thread_uhCGn3mxd5EgSCe2bXod5sjZ
I30002,thread_2PFebxXXNx86qumHJE5sfNDi
I30002,thread_2lulktDJxXwMKDyQjZNBgjdT
I30002,thread_HYVePqIMREGOQrLQCLTSiRMc
I30002,thread_O3kTDMa99asvCTmltyjnl84J
I30002,thread_Djl7z6AwdSUfVUmlqZ2tPHnb
I30002,thread_wzgNgQaXXmrGfrtUKDQR6ftH
S40002,thread_aNugzAGEkcpDgJWAOVRrjpdh
S40002,thread_9q3hooIZIwjrtJBwH5y5hIs9
S40002,thread_jphwSC6cvpru7hrxdRyWBtyg
S40002,thread_eXLWqpEbKdiPJrPDrxH35jFP
S40002,thread_af3jg8pHbEcX5DdbhPD89ueZ
S40002,thread_VkxMpXJqDSZ8NcmCQFZWcKMS
S40002,thread_PpNAfLygA3TsMkbCUVevkrJu
S40002,thread_HZ0wOBEVt79Jt7MX7oSURyWU
S40002,thread_l1hqjJhXyQbM462xKxFj8Qfw
S40002,thread_GIp35IDErUhIu2f0L3Ug9OXn
S50002,thread_pI8aledz6QBGXngaHdwedNPa
S50002,thread_EcxL0Ps6YimtGeodaM2Qp07y
S50002,thread_DBSFQfkVEshVOkovF4jXNj29
S50002,thread_QcxrjYTJXeQYQHR2sa2QQd92
S50002,thread_envIbrIlCepVHmWgdIOiKtlW
S50002,thread_gvTEFdirNT4sFwCc3uLsw3g3
S50002,thread_ZLxrD2bzVDXdHWZbSi4UQwJ3
S50002,thread_PWZ5CzsYv4q2PMVM3jsOn03i
I00003,thread_UwwOHOUVi8udYe0OeHAnBVN3
I00003,thread_JYZsomU4UTO7CPhU053TAkbN
I00003,thread_KA6c9x6dZ3fcHQgVqZuYOBZQ
I00003,thread_Hsi7FX3bh5l8QEvFJbHcQThI
I00003,thread_v6N1w9AfOBMBpI9xKYrw1Apt
I00003,thread_5MXaVA5oxVRwRzjj15DUrY0U
I00003,thread_72jHregk980eLt23eUwtRbTA
I00003,thread_mQhHi7C5M9rhlNEHcfDnsWzX
I00003,thread_UkxKjlT7smY8BTAX3I9weEBb
I00003,thread_itRHqsz2HLOVng1Omif2nZsz
I10003,thread_jA69Gk5rO6eA3hQ5VgwMIgv5
I10003,thread_Jk0JqCZMt4wylxDzH5Sq3AAn
I10003,thread_dNnOGAZnNYt3AUIvK3Rm1Yuc
I10003,thread_Tmu209WXAnpJ4JYNStbKJ3Ml
I10003,thread_nrmUG0HqyO0siiEyY1Qki4XW
I10003,thread_8BVK0asOM6GNnblNXHJ8LoeY
I10003,thread_mO1yGryyTzGIpdeqJ4tM4Nzj
I10003,thread_RD6UY2C3AmtcEgSoEM6y9izx
I10003,thread_2p5y2SN6WfgCNEw3mvs20iPj
I10003,thread_3bnqm3LlVVgWQpD3wZR7KXWG
I20003,thread_Aov6NCBpbiSGuLBUP3lIiRR2
I20003,thread_NkUJMNxDiDKfZkqnE5JmgZc4
I20003,thread_2svrxYcKL7Ctn3yrr7HheZPU
I20003,thread_cTxAFuxAOIsvi6DB4o66Xhwm
I20003,thread_mBLMVhIEddbpXiPZFXYgiYW3
I20003,thread_gWytCrOAsNH5LcUd2vCbCb1X
I20003,thread_zAwhoqEiy3VeMts7IwERv4hu
I20003,thread_J2auwBm6WDqjukQsmXwwj5q1
I20003,thread_IFqYX7xOvrntqJOcg4JngEim
I20003,thread_lTmrijpLk8yuYcu6r4yAY0ZH
I30003,thread_rYMlqE4UGcVI1ulyuTpvqPvw
I30003,thread_0SED2aKVZ0zWBpxREFI0Firu
I30003,thread_0ijaUSuS3T7rmrbACKGi06U1
I30003,thread_r51ydGLZJHyYNXqZWsKapTrC
I30003,thread_p1jpCwJ07St72FyjY97Nqhuv
I30003,thread_P0l2NKee41yyzV2ROmStGBMx
I30003,thread_yABqmbglJTbOSvnjuihWfiE9
I30003,thread_YKRkzfAJqmwplKVRBz57okwH
I30003,thread_lWFtNgwAfCspsZBeVCnVHr7L
I30003,thread_8GxAOnfovhmXX7CVOxxUHtDY
S40003,thread_FnnqJz0Yfc5sZPsUCkDPloih
S40003,thread_EDwUx5UVsRVroNRrbKDWzHZM
S40003,thread_nqxAcW37X0xM3n7N1zBhS8Rh
S40003,thread_EXnVUU8WG2E8lXMgyhUJuqfh
S40003,thread_6OY1mZuhoAFDDazpRDt0Gfnc
S40003,thread_9xpXTdpTKSLJ1VJohDgh84vE
S40003,thread_RbBsHGfAzdtFnVZlyGqtevz2
S40003,thread_3OWLqFdclDNPQbImfFhDcJAw
S40003,thread_CXoV79H0ppZsaBH9FSdMd62Y
S40003,thread_yqbuzPNW0cH9Lpj4BiwoUeZe
S50003,thread_oTvnRz7XEmG6L7EOhVIjNA2W
S50003,thread_KJIW9vjDeyjLlTk1cn2oC1sw
S50003,thread_Ei3nNumZ6giHkj1izpkwgb69
S50003,thread_NHpos4sAYawYgUFuw2AItVDe
S50003,thread_8QAFJQeSrmt0vXutG422p7UM
S50003,thread_zTrW2gSwWfSORBh5azm499de
S50003,thread_EjCVmNgrkwY3Pn3EZFUmfl4k
S50003,thread_12phB2jbEABBI95zWDOUEseJ
S50003,thread_uTMOrouhpQRzIEwIpbegx4hk
S50003,thread_K5UTRImzN5yNpxdZgv9qGhgx
I00004,thread_8Qzw9esDRtgqlrKrj380ILIV
I00004,thread_y1C0pnDTNeQFOcxY4LCeYxc6
I00004,thread_WURl7u9EQ4inRh7MNwejq39B
I00004,thread_7TD25rThXQZrfWDbtceNuyyp
I00004,thread_qtHyhUrxfQnxDYoutKLzAirG
I00004,thread_d7x01NtsI78DS1f4x5jWmSBv
I00004,thread_jYPq1lSp0tjC6tCcmK8ewYM1
I00004,thread_XRAneZvTr4ISZLQ3fD1Q8fWT
I00004,thread_QaW40ZscrkkuL2IFlL4XzA5z
I00004,thread_Bo2Sj2yYa8XOnsqR9tBcBWTx
I10004,thread_l5spPNkvLiU3Blf2UD7WXXDT
I10004,thread_VeQxQuAWcrXnVNh8UMX2kmdh
I10004,thread_gh2RmGbaidIChCushZDDSzQV
I10004,thread_3JrjgMi3l7E74wedU0BmvWwe
I10004,thread_kElhC79uXpTwMlDOiVs0YGWX
I10004,thread_M9RfHkJSMw9dCTpo2ajW7fC2
I10004,thread_qvwGMn094sgzzb3DERQKvRWV
I10004,thread_OBAoXbS2GVkMD7rYuSlwlHm7
I10004,thread_ebmt1IkiOaOvL6UyGkwgaO6F
I10004,thread_XVveVJA3RdASIe6ghkvZY1Io
I20004,thread_rt9X1lM51LYzmqZsQnZ1XJr2
I20004,thread_mpbaudO1YYzQhMcGGnKxI2Jf
I20004,thread_3i8ZeQoumFs9WEv13ISLu2nc
I20004,thread_3Kqjx3rICRfCj2a4tHaAdZaK
I20004,thread_MUMGvE9oVEk94pbCp7Dwwuj5
I20004,thread_cRrIyR2eURB6Dp70mcyJX93b
I20004,thread_9s6xLdQa5YpEySs8Sr1BoFzL
I20004,thread_1Gj3fWMgUX4vmgNDgQJyaebL
I20004,thread_M7ihCEz7mdQTSsmFcToyk2Ps
I20004,thread_oMufhz52KP0wAbbGfNuhCQnB
I30004,thread_B8gP5yd1XZWHYyaD39jp1xiB
I30004,thread_GYfEI6q0180vmhDO7DB7fOTI
I30004,thread_Szs7VhZwpbrfQXKs9cCAlzAY
I30004,thread_3vRq4MIjL1ibQm8Q2UtuI4x6
I30004,thread_mJs9RD99gBoHmwdEV1lY8DX8
I30004,thread_kQvrpHZDUV5zkSy9cVhbmCKb
I30004,thread_5sFxB0VyLoPOCZduxlaKvBAv
I30004,thread_TpQtwnZ29UfqsTxooxemuRxj
I30004,thread_AHTKxxWtdVbaw6GF8OTPaREa
I30004,thread_90LIxz4bPkLubIrEssur5cXJ
S40004,thread_m9BX7B8UthLPGXVkcAM1Dqps
S40004,thread_BSmguZH0YJOCMysobbyt1tD2
S40004,thread_TWwHRgH1JurxahBxbtVW9Pwb
S40004,thread_qYgA1WPTiKmFf6CKxCOj7UGn
S40004,thread_eX684UVJRtjJnF4dhSVKLSQg
S40004,thread_QSvIe2d4glrCUnrhJ4aAYbca
S40004,thread_uAOjZSKCNftXdsBCOaRQQsqw
S40004,thread_97ipULVImvhVbPazBRq82xd8
S40004,thread_8vUXiBgSsgSM51SLzvv5MwZ3
S40004,thread_S2lXsbnbjlSMQ3dnrkpqRpBO
S50004,thread_xKzTKUW9zCa93NfKHLleT3QT
S50004,thread_QzIczni4hriwt3L2cNU3kbIq
S50004,thread_QJxyGc78wEyTRjV3QzUk54Lp
S50004,thread_6Olq8C12wcD25xFMx9CivRo6
S50004,thread_B5c0MFfnrXVkQz2FalPPitTH
S50004,thread_tuT14bcehLeFPW6QrLAwI4Ct
S50004,thread_1ElJrb5GQQN9k6lqeC940uym
S50004,thread_fKVRuKgH5uxRaVwogZUwjKSi
S50004,thread_jIykqB6R4s1ZdEJTuVyiJgt1
S50004,thread_a5kxJpkIBPOg5EnfFyU2EiZV
I00005,thread_YeyuTaqUXIejA8uwTWOSZ1al
I00005,thread_cv59cL2gwxo8GLHbEHuuUXDT
I00005,thread_mvTwymVnSvOjMKPjvUSpPpCU
I00005,thread_ZG8rQ7MxGLbt3CDxqhldpPvn
I00005,thread_mm7S7EccTGsu4h6D0dN1Lwya
I00005,thread_5qqongUaDdHaBI5Bq0Wtd9Fl
I00005,thread_L3GxUdWAkzW3lWZWAxaZAOzq
I00005,thread_UErhq7udH6MjxCmXjL9y4ytZ
I00005,thread_gWtbSy7qpZcVqhlneXsVMSkJ
I00005,thread_U2kQWVsg17ySdECDBcd0Z4pB
I10005,thread_BZ2zUM9iOJN8oisxJDZRTuqQ
I10005,thread_yXfxV9iEORjvzBNXQTSun0LL
I10005,thread_r20iEdvLYkDHxG4XXKzirKeE
I10005,thread_EB8gHXO7Q5Ug7AlRR6SdPufO
I10005,thread_lZC1GUM82qw3JIVVztgfn2F8
I10005,thread_hLi9wumKKajzSBPaBoj1B8wB
I10005,thread_gf50ucBVkvHFmgv5sqFFvHQK
I10005,thread_DXCY0VktHOiJT6OEGrLFM0SK
I10005,thread_iDpER5NWFPXCESneOhpQ1ICS
I10005,thread_FOuMqzgytgQCbdcJg4gRtTJh
I20005,thread_h4YnIeP276JE1bwvCfMbuJYf
I20005,thread_nAMSmEHS5DtfH0JHhCHeiMEf
I20005,thread_eiobOoIILP2q2aAB78gSy7nZ
I20005,thread_rZTqv29RyLZicQgtxsdj0YNK
I20005,thread_zyksTyLb8JwiEtzrH2mchi5L
I20005,thread_ALWnq2j7a3zbMS8u58kMte0f
I20005,thread_TGGXImstOuWP3cIKkDGozcG3
I20005,thread_J1sO1RfVXzhtqPfj0mCaCSZk
I20005,thread_dLVQQfAdhBveNkguPars97BC
I20005,thread_tKOJnx6yp5JUa5ePSJDxyDMM
I30005,thread_y1i0U12Kr2ewI60mtGaKt4WT
I30005,thread_dz18j1ioGibM0VDXYYDi4l7I
I30005,thread_wbTCcYkh6sv6vBgedx2kpG0D
I30005,thread_KmONAaNBBWpkKTz84OIOWKP6
I30005,thread_9Uk11S8fuEmLLx9rOygPtEdY
I30005,thread_jpMts7X9XK5XRvKSlsbNpdmY
I30005,thread_Ab8jbUWscSfqnCxMDDhvccXS
I30005,thread_mMFKBd71pqnocmljh3TJuZNr
I30005,thread_lzTzFVJz4UfLJm8f0C97KaUq
I30005,thread_xoAcWcguOaqsZodhuUbYZVLm
S40005,thread_ch6FjJNCeVzedj2oaPFRTAKu
S40005,thread_KrGoDUqqvADCp6h1sAh3I7w0
S40005,thread_87JZrt2YBMqbUXQSkjvFE1vD
S40005,thread_oLYFcPQPHW2Z8rJoHIkbSPnx
S40005,thread_CsaXneViZCQHXSkFLFTwuzSQ
S40005,thread_rNrRpxvkvGCAr73kiDv0XKT8
S40005,thread_OM92mcxkkHJk0HtZX7IlL0sZ
S40005,thread_8dPtwxi3g8pSHjhhkMAceB79
S40005,thread_0ZAewT0CqKigu2pxmgCIKKCH
S40005,thread_nkCBFmVu2BDad5rzYBOwaaoD
S50005,thread_86puOH788bS9bxsqtNcXXA9g
S50005,thread_XSyVfGo5QVPO6LWnRla6HE3a
S50005,thread_1ckT0wbLPI3gNZnH9hKzeYqt
S50005,thread_X6UPUOQB9XPYtWWxZKZhMyea
S50005,thread_Kw7YIdtqvkwIyjtplpcRdrcF
S50005,thread_0tVKjMzoiUs45FZuigCaHJPt
S50005,thread_WpFLJ8o9H8dMdwjr1egJBI9p
S50005,thread_BHd4RU0BqUZD2PXiZ53NY79W
S50005,thread_uAIfBNtMdNGfkbRC0S82rqoU
S50005,thread_V9GLb3KEb2U9sFd1hhhXBiK8